"assessment_id","assessment_date","assessment_type","blood_pressure","description","heart_rate","incident_description","injuries_sustained","level_of_consciousnes","medications","mental_status","mobility_status","oxygen_saturation","pain_level","patient_condition","patient_status","respiratory_rate","temperature","incident_case_case_id"
403,2024-10-04,Initial,"120",Routine checkup,"72",No significant issues,None,Alert,{Aspirin},Stable,Independent,"98",3,UnStable,Stable,"16","98.6","2251799813709842"
452,2024-10-04,Initial,"120",Routine checkup,"72",No significant issues,None,Alert,{Aspirin},Stable,Independent,"98",3,UnStable,Stable,"16","98.6","6755399441332686"
502,2024-10-04,Initial,"120",Routine checkup,"72",No significant issues,None,Alert,{Aspirin},Stable,Independent,"98",3,UnStable,Stable,"16","98.6","2251799813966678"
552,2024-10-04,Initial,"120",Routine checkup,"72",No significant issues,None,Alert,{Aspirin},Stable,Independent,"98",3,UnStable,Stable,"16","98.6","6755399441339695"
602,2024-10-04,Initial,"120",Routine checkup,"72",No significant issues,None,Alert,{Aspirin},Stable,Independent,"98",3,UnStable,Stable,"16","98.6","4503599627659297"
603,2024-10-04,follow up,"120",Routine checkup,"72",No significant issues,None,Alert,{Aspirin},Stable,Independent,"98",3,UnStable,Stable,"16","98.6","6755399441346633"
652,2024-10-04,follow up,"120",Routine checkup,"72",No significant issues,None,Alert,{Aspirin},Stable,Independent,"98",3,UnStable,Stable,"16","98.6","2251799813980603"
702,2024-10-04,Initial,"120",Routine checkup,"72",No significant issues,None,Alert,{Aspirin},Stable,Independent,"98",3,UnStable,Stable,"16","98.6","2251799813987819"
703,2024-10-04,follow up,"120",Routine checkup,"72",No significant issues,None,Alert,{Aspirin},Stable,Independent,"98",3,UnStable,Stable,"16","98.6","2251799813987819"
704,2024-10-04,follow up,"120",Routine checkup,"72",No significant issues,None,Alert,{Aspirin},Stable,Independent,"98",3,Stable,Stable,"16","98.6","2251799813987819"
752,2024-10-04,Initial,"120",Routine checkup,"72",No significant issues,None,Alert,{Aspirin},Stable,Independent,"98",3,Stable,Stable,"16","98.6","2251799814027000"
753,2024-10-04,Initial,"120",Routine checkup,"72",No significant issues,None,Alert,{Aspirin},Stable,Independent,"98",3,Stable,Stable,"16","98.6","6755399441404462"
754,2024-10-04,Initial,"120",Routine checkup,"72",No significant issues,None,Alert,{Aspirin},Stable,Independent,"98",3,Unstable,Stable,"16","98.6","6755399441407280"
755,2024-10-04,follow up,"120",Routine checkup,"72",No significant issues,None,Alert,{Aspirin},Stable,Independent,"98",3,Stable,Stable,"16","98.6","6755399441407280"
802,2024-10-04,Initial,"120",Routine checkup,"72",No significant issues,None,Alert,{Aspirin},Stable,Independent,"98",3,Unstable,Stable,"16","98.6","4503599627914782"
803,2024-10-04,follow up,"120",Routine checkup,"72",No significant issues,None,Alert,{Aspirin},Stable,Independent,"98",3,Stable,Stable,"16","98.6","4503599627914782"
852,2024-10-04,Initial,"120",Routine checkup,"72",No significant issues,None,Alert,{Aspirin},Stable,Independent,"98",3,Unstable,Stable,"16","98.6","2251799814265371"
902,2024-10-04,Initial,"120",Routine checkup,"72",No significant issues,None,Alert,{Aspirin},Stable,Independent,"98",3,Unstable,Stable,"16","98.6","6755399441665205"
903,2024-10-04,follow up,"120",Routine checkup,"72",No significant issues,None,Alert,{Aspirin},Stable,Independent,"98",3,Stable,Stable,"16","98.6","6755399441665205"
952,2024-10-04,Initial,"120",Routine checkup,"72",No significant issues,None,Alert,{Aspirin},Stable,Independent,"98",3,Unstable,Stable,"16","98.6","6755399441668834"
953,2024-10-04,follow up,"120",Routine checkup,"72",No significant issues,None,Alert,{Aspirin},Stable,Independent,"98",3,Stable,Stable,"16","98.6","6755399441668834"
1002,2024-10-04,Initial,"120",Routine checkup,"72",No significant issues,None,Alert,{Aspirin},Stable,Independent,"98",3,Unstable,Stable,"16","98.6","6755399441931074"
1003,2024-10-04,follow up,"120",Routine checkup,"72",No significant issues,None,Alert,{Aspirin},Stable,Independent,"98",3,Stable,Stable,"16","98.6","6755399441931074"
1052,2024-11-01,Initial,"120",Due to surgical complication patient condition is unstable.,"72",,None,,"{Aspirin,Paracetamol}",Unstable,Independent,"98",3,Unstable,Unstable,"98","37","4503599628265560"
1053,2024-11-01,Followup,"120",Patient Condition is Stable now,"78",,none,,{Aspirin},Stable,Stable,"98",1,Stable,Stable,"98","37","4503599628265560"
1054,2024-11-01,Followup,"120",Patient Condition is Stable now,"78",,none,,{Aspirin},Stable,Stable,"98",1,Stable,Stable,"98","37","4503599628265560"
1055,2024-10-04,Initial,"120",Routine checkup,"72",No significant issues,None,Alert,{Aspirin},Stable,Independent,"98",3,Unstable,Stable,"16","98.6","2251799814588300"
1056,2024-11-01,follow up,"120",yesyes,"72",,yes,,{jfdlkjdsf},Stable ,Stable,"98",1,Stable,Stable,"98","40","2251799814588300"
1102,2024-11-01,Initial,"130",Unstable,"72",,Unstable,,{dolo},Unstable,Unstable,"98",3,Unstable,Unstable,"98","37","6755399441965916"
1103,2024-11-01,follow up,"120",patient going on good,"78",,yes,,{dolo},Stable,Stable,"98",1,Stable,Stable,"98","38","6755399441965916"
1104,2024-11-01,Initial,"120",descriped,"72",,Unstable,,{Dolo},Unstable,Unstable,"98",3,Unstable,Unstable,"98","37","2251799814599066"
1105,2024-11-01,follow up,"120",dolo given,"72",,yes,,{dolo},Stable,Stable,"98",1,Stable,Stable,"98","37","2251799814599066"
1152,2024-11-01,Initial,"120",Medication error given wrong prescription,"72",," Cuts, scrapes, scratches, and punctured skin",,"{""Dolo 650""}",Stable,Stable,"98",3,Unstable,Unstable,"98","37","4503599628301974"
1153,2024-11-01,follow up,"120",nothing,"83",,yes,,{dolo},Stable,Stable,"98",1,Stable,Stable,"98","98","4503599628301974"
1202,2024-11-04,Initial,"130",No signifacnt issues,"78",,None,,{Aspirine},Stable,Independent,"98",3,Unstable,Unstable,"20","37","6755399442757934"
1203,2024-11-04,follow up,"120",Given correct medication ,"72",,None,,"{""Dolo 650"",Azithromycin}",Stable,Independent,"98",3,Stable,Stable,"18","37","6755399442757934"
1253,2024-11-04,Initial,"120",Wrong Medication,"78",,None,,{Aspirin},Stable,Dependent,"98",3,Unstable,Unstable,"18","39","2251799815448974"
1254,2024-11-04,follow up,"120",Given correct Medication,"72",,None,,"{""Dolo 560""}",Stable,Independent,"99",1,Stable,Stable,"15","37","2251799815448974"
1302,2024-10-04,Initial,"120",Routine checkup,"72",No significant issues,None,Alert,{Aspirin},Stable,Independent,"98",3,Unstable,Stable,"16","98.6","6755399443433758"
1303,2024-10-04,follow up,"120",Routine checkup,"72",No significant issues,None,Alert,{Aspirin},Stable,Independent,"98",3,Stable,Stable,"16","98.6","6755399443433758"
1352,2024-11-06,Initial,"120",NA,"72",,None,,{Aspirine},Stable,Dependent,"98",3,Unstable,Unstable,"16","38","2251799816066787"
1353,2024-11-06,follow up,"120",Stable,"72",,none,,{dolo},Stable,Stable,"99",3,Stable,Stable,"20","37","2251799816066787"
1354,2024-11-06,Initial,"120",Given wrong medication,"85",,None,,"{""Beta Blockers"",Statins}",Stable,Independent,"85",2,Unstable,Unstable,"20","40","6755399443465000"
1355,2024-11-06,follow up,"120",Changed the medication,"72",,None,,"{Vasodilators,Apresoline}",Stable,Independent,"99",1,Stable,Stable,"16","37","6755399443465000"
1402,2024-11-12,Initial,"120",wrong medication,"72",,None,,{Dolo},Unstable,Unstable,"99",3,Unstable,Unstable,"16","40","6755399444882279"
1403,2024-11-12,follow up,"120",wrong medication,"72",,Stable,,{dolo},Stable,Stable,"100",1,Stable,Stable,"15","37","6755399444882279"
1452,2024-11-13,Initial,"130",wrong medication given,"80",,None,,"{""Beta blockers"",vasodilators}",Stable,Dependent,"99",2,Unstable,Unstable,"17","40","4503599631563736"
1453,2024-11-13,follow up,"120",Given correct Medication,"72",,None,,"{Statins,Apersoline}",Stable,Independent,"99",1,Stable,Stable,"16","37","4503599631563736"
1502,2024-10-04,Initial,"120",Routine checkup,"72",No significant issues,None,Alert,{Aspirin},Stable,Independent,"98",3,Unstable,Stable,"16","98.6","4503599631678036"
1503,2024-10-04,follow up,"120",Routine checkup,"72",No significant issues,None,Alert,{Aspirin},Stable,Independent,"98",3,Stable,Stable,"16","98.6","4503599631678036"
1552,2024-11-13,Initial,"130",Wrong medication,"80",,None,,"{""Beta blockers"",statins}",Stable,Independent,"99",3,Unstable,Unstable,"17","40","2251799818000545"
1553,2024-11-13,follow up,"120",Given correct medication and dosage,"72",,None,,{Vasodilators},Stable,Independent,"99",1,Stable,Stable,"16","37","2251799818000545"
1252,2024-11-04,Initial,"","","",,"",,{},"","","",3,Unstable,"","","","4503599629127595"
1,2024-10-04,Initial,"120/80",Routine checkup,"72",No significant issues,None,Alert,{Aspirin},Unstable,Independent,"98",3,Unstable,Unstable,"16","98.6","6755399441187678"
2,2025-07-22,Initial,"130",Wrong medication,"80",,None,,"{""Beta blocker""}",Stable,Independent,"99",3,Unstable,Unstable,"17","40","2251799813834831"
3,2025-07-22,Followup,"130","","72",,None,,{},Stable,Unstable,"40",3,Unstable,Unstable,"23","40","2251799813834831"
4,2025-07-22,Initial,"120","","72",,"",,{},Stable,"","44",3,Unstable,Unstable,"22","44","2251799813840072"
5,2025-07-22,Followup,"","","",,"",,{},"","","",,Stable,Stable,"","","2251799813840072"
6,2025-07-22,Initial,"","","",,"",,{},"","","",,Unstable,Unstable,"","","4503599627530507"
7,2025-07-22,Followup,"","","",,"",,{},"","","",,Stable,Stable,"","","4503599627530507"
8,2025-07-22,Initial,"","","",,"",,{},"","","",,Unstable,Unstable,"","","4503599627371079"
9,2025-07-22,Initial,"","","",,"",,{},"","","",,Unstable,Unstable,"","","2251799813687335"
10,2025-07-22,Followup,"","","",,"",,{},Stable,Stable,"",,Stable,Stable,"","","2251799813687335"
52,2025-07-24,Initial,"","","",,"",,{},"","","",,Unstable,Unstable,"","","4503599627404839"
53,2025-07-24,Followup,"","","",,"",,{},"","","",,Stable,Stable,"","","4503599627404839"
102,2025-07-29,Initial,"","","",,"",,{},"","","",,Unstable,Unstable,"","","6755399441066776"
