"incident_sub_category_id","incident_sub_category","incident_category_id"
1,Incorrect dosage,1
2,Wrong medication,1
3,Missed medication,1
4,Allergic reaction,1
5,Fall from bed,2
6,Fall during ambulation,2
7,Fall due to slippery surface,2
8,Wrong site surgery,3
9,Retained surgical instruments,3
10,Postoperative infection,3
11,Delayed diagnosis,4
12,Misdiagnosis,4
13,Test result errors,4
14,Hospital-acquired infections,5
15,Sterilization breaches,5
16,Cross-contamination,5
17,Wrong patient treatment,6
18,Mislabeled samples,6
19,Defective medical devices,7
20,Unavailability of equipment,7
21,Unexpected side effects,8
22,Drug allergies not documented,8
23,Power failure,9
24,Water supply issues,9
25,Elevator malfunction,9
26,Staff shortage,10
27,Unauthorized absence,10
28,Inadequate staff training,10
29,System downtime,11
30,Data breaches,11
31,Unauthorized access,11
32,Fire or safety hazards,12
33,Broken equipment or fixtures,12
34,Hazardous waste management,12
35,Shortage of medical supplies,13
36,Expired medications,13
37,Delayed deliveries,13
38,Chemical spills,14
39,Radiation leaks,14
