"case_id","created_by","date","incident_category","incident_manager","incident_priority","incident_sub_category","investigator","location","status","time","action_required","additional_comments","corrective_actions","incident_reviewer","block/room_no","branch","city","creation_date","creation_time","department","floor","incident_date","incident_description","incident_time","incident_type","initial_action_taken","manager_comments","medication_class","preventive_actions","reported_by","state","patient_details_patient_id","final_reviewer_comment"
"2251799814217943",,,Injury,patientsafetymanager@aaseya.com,,Fall,investigationteam@aaseya.com,,open,,,,,,B123234,Main Hospital,New York,2024-10-01,10:30:00,Emergency,"21",2024-09-30,Patient slipped and fell in the corridor.,08:45:00,Patient Safety Incident,"First aid provided, patient stabilized.",,Cardiovascular,,nurse@aaseya.com,Sc,,
"6755399441332686",,,Injury,patientsafetymanager@aaseya.com,,Fall,investigationteam@aaseya.com,,under_investigation,,no,,Give proper medication,,B123234,Main Hospital,New York,2024-10-01,10:30:00,Emergency,"21",2024-09-30,Patient slipped and fell in the corridor.,08:45:00,Patient Safety Incident,"First aid provided, patient stabilized.",,Cardiovascular,,nurse@aaseya.com,Sc,,
"2251799813966678",,,Injury,patientsafetymanager@aaseya.com,,Fall,investigationteam@aaseya.com,,pending_review,,,,,,B123234,Main Hospital,New York,2024-10-01,10:30:00,Emergency,"21",2024-09-30,Patient slipped and fell in the corridor.,08:45:00,Patient Safety Incident,"First aid provided, patient stabilized.",,Cardiovascular,,nurse@aaseya.com,Sc,,
"4503599627914782",,,Injury,patientsafetymanager@aaseya.com,,Fall,investigationteam@aaseya.com,,Reviewed,,no,,need of medications,,B123234,Main Hospital,New York,2024-10-01,10:30:00,Emergency,"21",2024-09-30,Patient slipped and fell in the corridor.,08:45:00,Patient Safety Incident,"First aid provided, patient stabilized.",,Cardiovascular,no need anything,nurse@aaseya.com,Sc,,good
"6755399441931074",,,Injury,patientsafetymanager@aaseya.com,,Fall,investigationteam@aaseya.com,,Reviewed,,no,,ka,,B124,Main Hospital,New York,2024-10-01,10:30:00,Emergency,"21",2024-09-30,Patient slipped and fell in the corridor.,08:45:00,Patient Safety Incident,"First aid provided, patient stabilized.",,Cardiovascular,ka,nurse@aaseya.com,Sc,P342,good
"6755399441665205",,,Injury,patientsafetymanager@aaseya.com,,Fall,investigationteam@aaseya.com,,pending_investigation,,no,,ka,,B123234,Main Hospital,New York,2024-10-01,10:30:00,Emergency,"21",2024-09-30,Patient slipped and fell in the corridor.,08:45:00,Patient Safety Incident,"First aid provided, patient stabilized.",,Cardiovascular,,nurse@aaseya.com,Sc,,
"6755399443426483",,,Injury,patientsafetymanager@aaseya.com,,Fall,,,open,,,,,,B124,Main Hospital,New York,2024-10-01,10:30:00,Emergency,"21",2024-09-30,Patient slipped and fell in the corridor.,08:45:00,Patient Safety Incident,"First aid provided, patient stabilized.",,Cardiovascular,,nurse@aaseya.com,Sc,P3412,
"6755399442757934","",,Medication Errors,patientsafetymanager@aaseya.com,"",Incorrect dosage,investigationteam@aaseya.com,"",Reviewed,,"","",Cross the medication given to patient,"",J/23,Hitech City,Hyderabad,2024-11-04,11:58:00,Pharmacy,"10",2024-11-04,wrong meditcation given,11:57:00,Patient Safety Incident,return back the medications and raised issue,"",Cardiovascular,Staff need to cross the medication based on the prescription given ,nurse@aaseya.com,Telangana,P3402,NA
"2251799814588300",,,Injury,patientsafetymanager@aaseya.com,,Fall,investigationteam@aaseya.com,,pending_review,,no,,kaaaaa,,B124,Main Hospital,New York,2024-10-01,10:30:00,Emergency,"21",2024-09-30,Patient slipped and fell in the corridor.,08:45:00,Patient Safety Incident,"First aid provided, patient stabilized.",,Cardiovascular,kaaaaa,nurse@aaseya.com,Sc,P342,
"4503599628301974",,,Medication Errors,patientsafetymanager@aaseya.com,,Incorrect dosage,investigationteam@aaseya.com,,Reviewed,,"",,yes,,K/45,madhapur,hyd,2024-11-01,17:28:00,ICU,"4",2024-11-01,medication wrong prescribed,17:27:00,Patient Safety Incident,taken the medicines from the patient,,Cardiovascular,yes,nurse@aaseya.com,tg,P201,its good
"2251799815448974",,,Medication Errors,patientsafetymanager@aaseya.com,,Wrong medication,investigationteam@aaseya.com,,pending_review,,"",,Organize medications to reduce wrong one,,M/98,Madhapur,Hyderabad,2024-11-04,15:55:00,Pharmacy,"10",2024-11-03,Wrong Medication given,14:54:00,Patient Safety Incident,Identified the medication and dosages,,Cardiovascular,"Encourage Double check, use checklist",nurse@aaseya.com,Telangana,P987,
"6755399441965916",,,Medication Errors,patientsafetymanager@aaseya.com,,Incorrect dosage,investigationteam@aaseya.com,,Reviewed,,"",,yes,,M/23,Madhapur,HYD,2024-11-01,15:35:00,ICU,"3",2024-11-01,yes,15:34:00,Patient Safety Incident,yes,,Cardiovascular,ywa,nurse@aaseya.com,TG,P909,good
"6755399443433758","",,Injury,patientsafetymanager@aaseya.com,"",Fall,investigationteam@aaseya.com,"",Reviewed,,no,"",hi sriram,"",B124,Main Hospital,New York,2024-10-01,10:30:00,Emergency,"21",2024-09-30,Patient slipped and fell in the corridor.,08:45:00,Patient Safety Incident,"First aid provided, patient stabilized.","",Cardiovascular,rakehs,nurse@aaseya.com,Sc,P3412,good
"4503599629127595",,,Medication Errors,patientsafetymanager@aaseya.com,,Wrong medication,investigationteam@aaseya.com,,pending_investigation,,,,,,M/43,Madhapur,Hyderabad,2024-11-04,15:39:00,Pharmacy,"3",2024-11-01,wrong meditcation,15:39:00,Patient Safety Incident,identified and ,,Cardiovascular,,nurse@aaseya.com,Telangana,P98,
"2251799816066787",,,Medication Errors,patientsafetymanager@aaseya.com,,Incorrect dosage,investigationteam@aaseya.com,,Reviewed,,"",,Hi Harshitha,,M/98,Madhapur,Bvrm,2024-11-06,12:26:00,ICU,"7",2024-11-01,Nothing,12:26:00,Patient Safety Incident,Nothing,,Cardiovascular,Harshitha,nurse@aaseya.com,AP,P4759,Good
"4503599628265560",,,Surgical Complications,patientsafetymanager@aaseya.com,,Retained surgical instruments,investigationteam@aaseya.com,,pending_review,,"",,Surgical Complications,,M/23,Hitechcity,Hyderabad,2024-11-01,14:49:00,Emergency ,"3",2024-11-01,Surgical Complications occured during to surgery,14:47:00,Patient Safety Incident,Anestia has been given to reduce pain,,Cardiovascular,"Patient is doing good and stable, surgical error has been cleared",nurse@aaseya.com,Telangana,P908,
"6755399443465000",,,Medication Errors,patientsafetymanager@aaseya.com,,Wrong medication,investigationteam@aaseya.com,,Reviewed,,"",,Organize medications to reduce selecting wrong one,,J/45,Madhapur,Hyderabad,2024-11-06,14:15:00,Pharmacy,"8",2024-11-06,Given wrong medication,10:13:00,Patient Safety Incident,Identified and taken back the medicine,,Cardiovascular,Encourage Double checklist,nurse@aaseya.com,Telangana,P091,Enhance medication verification methods
"6755399444882279",,,Medication Errors,patientsafetymanager@aaseya.com,,Incorrect dosage,investigationteam@aaseya.com,,Reviewed,,"",,yes,,F/901,Madhapur,Hyderabad,2024-11-12,09:27:00,Pharmacy,"9",2024-11-12,Wrong medication,09:23:00,Patient Safety Incident,Taken back the medications,,Cardiovascular,"yes
",nurse@aaseya.com,Telangana,P945,yes we got report
"2251799818000545",,,Medication Errors,patientsafetymanager@aaseya.com,,Wrong medication,investigationteam@aaseya.com,,Reviewed,,"",,Organize medications to reduce selecting wrong one,,M/90,Madhapur,Hyderabad,2024-11-13,18:13:00,Pharmacy,"9",2024-11-12,Wrong medication given to the patient,18:12:00,Patient Safety Incident,Identified the medications and dosages,,Cardiovascular,"Encourage double check, use checklist",nurse@aaseya.com,Telangana,P894,Enhance medication verification method
"4503599631563736",,,Medication Errors,patientsafetymanager@aaseya.com,,Wrong medication,investigationteam@aaseya.com,,Reviewed,,"",,Organize medications to reduce selecting wrong one,,J/109,Madhapur,Hyderabad,2024-11-13,11:01:00,Pharmacy,"1",2024-11-12,wrong medication given to the patient,10:59:00,Patient Safety Incident,Identified the medication and dosages,,Cardiovascular,"Encourage double check, use checklist",nurse@aaseya.com,Telangana,P690,Enhance medication verification method
"4503599631678036",,,Medication Errors,patientsafetymanager@aaseya.com,,Incorrect dosage,investigationteam@aaseya.com,,completed,,no,,rakehs,,M/094,sdf,safddsa,2024-11-13,17:40:00,sfdsdf,"23",2024-11-12,sfsdfsd,17:40:00,Patient Safety Incident,rwerewr,,Cardiovascular,rakehs,,sdfsd,P098,good
"2251799813692170",,,Medication Errors,,,Wrong medication,,,open,,,,,,wersdf,sdf,,2025-07-29,12:04:00,,"23",2025-07-28,,12:06:00,Patient Safety Incident,,,Cardiovascular,,nurse@aaseya.com,TS,"1002",
"4503599627380318",,,Medication Errors,,,Wrong medication,,,open,,,,,,,,,2025-07-29,12:16:00,,,2025-07-28,,14:15:00,Patient Safety Incident,,,Cardiovascular,,nurse@aaseya.com,,"1002",
"6755399441066776",,,Medication Errors,,,Wrong medication,investigationteam@aaseya.com,,pending_investigation,,,,,,,,,2025-07-29,12:21:00,,,2025-07-28,,12:22:00,Patient Safety Incident,,,Cardiovascular,,nurse@aaseya.com,,"1002",
"6755399441113793",,,Medication Errors,,,Incorrect dosage,,,open,,,,,,adfcj,fdgc,hgsvc ,2025-08-05,15:21:00,cd,fsch,2025-08-05,description,14:20:00,Patient Safety Incident,action taken,,Cardiovascular,,nurse@gmail.com,gc ,"12345",
"2251799813688208",,,Medication Errors,,,Wrong medication,,,open,,,,,,"1002","23","2345t",2025-07-29,11:48:00,,karthik,2025-07-28,,11:51:00,Patient Safety Incident,,,Cardiovascular,,nurse@aaseya.com,TS,"1002",
